[
  {
    "name": "Cairo",
    "country": "Egypt",
    "lat": 30.0444,
    "lon": 31.2357,
    "timezone": "Africa/Cairo",
    "isCapital": true
  },
  {
    "name": "Algiers",
    "country": "Algeria",
    "lat": 36.7538,
    "lon": 3.0588,
    "timezone": "Africa/Algiers",
    "isCapital": true
  },
  {
    "name": "Lagos",
    "country": "Nigeria",
    "lat": 6.5244,
    "lon": 3.3792,
    "timezone": "Africa/Lagos",
    "isCapital": false
  },
  {
    "name": "Abuja",
    "country": "Nigeria",
    "lat": 9.0765,
    "lon": 7.3986,
    "timezone": "Africa/Lagos",
    "isCapital": true
  },
  {
    "name": "Nairobi",
    "country": "Kenya",
    "lat": -1.2921,
    "lon": 36.8219,
    "timezone": "Africa/Nairobi",
    "isCapital": true
  },
  {
    "name": "Addis Ababa",
    "country": "Ethiopia",
    "lat": 9.0320,
    "lon": 38.7469,
    "timezone": "Africa/Addis_Ababa",
    "isCapital": true
  },
  {
    "name": "Khartoum",
    "country": "Sudan",
    "lat": 15.5007,
    "lon": 32.5599,
    "timezone": "Africa/Khartoum",
    "isCapital": true
  },
  {
    "name": "Dakar",
    "country": "Senegal",
    "lat": 14.6928,
    "lon": -17.4467,
    "timezone": "Africa/Dakar",
    "isCapital": true
  },
  {
    "name": "Accra",
    "country": "Ghana",
    "lat": 5.6037,
    "lon": -0.1870,
    "timezone": "Africa/Accra",
    "isCapital": true
  },
  {
    "name": "Tunis",
    "country": "Tunisia",
    "lat": 36.8065,
    "lon": 10.1815,
    "timezone": "Africa/Tunis",
    "isCapital": true
  },
  {
    "name": "Tripoli",
    "country": "Libya",
    "lat": 32.8872,
    "lon": 13.1913,
    "timezone": "Africa/Tripoli",
    "isCapital": true
  },
  {
    "name": "Rabat",
    "country": "Morocco",
    "lat": 34.0209,
    "lon": -6.8416,
    "timezone": "Africa/Casablanca",
    "isCapital": true
  },
  {
    "name": "Casablanca",
    "country": "Morocco",
    "lat": 33.5731,
    "lon": -7.5898,
    "timezone": "Africa/Casablanca",
    "isCapital": false
  },
  {
    "name": "Luanda",
    "country": "Angola",
    "lat": -8.8368,
    "lon": 13.2343,
    "timezone": "Africa/Luanda",
    "isCapital": true
  },
  {
    "name": "Kinshasa",
    "country": "Dem. Rep. Congo",
    "lat": -4.4419,
    "lon": 15.2663,
    "timezone": "Africa/Kinshasa",
    "isCapital": true
  },
  {
    "name": "Dar es Salaam",
    "country": "Tanzania",
    "lat": -6.7924,
    "lon": 39.2083,
    "timezone": "Africa/Dar_es_Salaam",
    "isCapital": false
  },
  {
    "name": "Dodoma",
    "country": "Tanzania",
    "lat": -6.1630,
    "lon": 35.7516,
    "timezone": "Africa/Dar_es_Salaam",
    "isCapital": true
  },
  {
    "name": "Kampala",
    "country": "Uganda",
    "lat": 0.3476,
    "lon": 32.5825,
    "timezone": "Africa/Kampala",
    "isCapital": true
  },
  {
    "name": "Abidjan",
    "country": "Côte d'Ivoire",
    "lat": 5.3600,
    "lon": -4.0083,
    "timezone": "Africa/Abidjan",
    "isCapital": false
  },
  {
    "name": "Yamoussoukro",
    "country": "Côte d'Ivoire",
    "lat": 6.8276,
    "lon": -5.2893,
    "timezone": "Africa/Abidjan",
    "isCapital": true
  },
  {
    "name": "Maputo",
    "country": "Mozambique",
    "lat": -25.9655,
    "lon": 32.5832,
    "timezone": "Africa/Maputo",
    "isCapital": true
  },
  {
    "name": "Harare",
    "country": "Zimbabwe",
    "lat": -17.8252,
    "lon": 31.0335,
    "timezone": "Africa/Harare",
    "isCapital": true
  },
  {
    "name": "Lusaka",
    "country": "Zambia",
    "lat": -15.3875,
    "lon": 28.3228,
    "timezone": "Africa/Lusaka",
    "isCapital": true
  },
  {
    "name": "Pretoria",
    "country": "South Africa",
    "lat": -25.7479,
    "lon": 28.2293,
    "timezone": "Africa/Johannesburg",
    "isCapital": true
  },
  {
    "name": "Cape Town",
    "country": "South Africa",
    "lat": -33.9249,
    "lon": 18.4241,
    "timezone": "Africa/Johannesburg",
    "isCapital": true
  },
  {
    "name": "Antananarivo",
    "country": "Madagascar",
    "lat": -18.8792,
    "lon": 47.5079,
    "timezone": "Indian/Antananarivo",
    "isCapital": true
  },
  {
    "name": "Bamako",
    "country": "Mali",
    "lat": 12.6392,
    "lon": -8.0029,
    "timezone": "Africa/Bamako",
    "isCapital": true
  },
  {
    "name": "Niamey",
    "country": "Niger",
    "lat": 13.5127,
    "lon": 2.1128,
    "timezone": "Africa/Niamey",
    "isCapital": true
  },
  {
    "name": "N'Djamena",
    "country": "Chad",
    "lat": 12.1348,
    "lon": 15.0557,
    "timezone": "Africa/Ndjamena",
    "isCapital": true
  },
  {
    "name": "Libreville",
    "country": "Gabon",
    "lat": 0.4162,
    "lon": 9.4673,
    "timezone": "Africa/Libreville",
    "isCapital": true
  },
  {
    "name": "Bangui",
    "country": "Central African Rep.",
    "lat": 4.3947,
    "lon": 18.5582,
    "timezone": "Africa/Bangui",
    "isCapital": true
  },
  {
    "name": "Brazzaville",
    "country": "Congo",
    "lat": -4.2634,
    "lon": 15.2429,
    "timezone": "Africa/Brazzaville",
    "isCapital": true
  },
  {
    "name": "Kigali",
    "country": "Rwanda",
    "lat": 1.9403,
    "lon": 29.8739,
    "timezone": "Africa/Kigali",
    "isCapital": true
  },
  {
    "name": "Bujumbura",
    "country": "Burundi",
    "lat": -3.3614,
    "lon": 29.3599,
    "timezone": "Africa/Bujumbura",
    "isCapital": true
  },
  {
    "name": "Juba",
    "country": "S. Sudan",
    "lat": 4.8517,
    "lon": 31.5825,
    "timezone": "Africa/Juba",
    "isCapital": true
  },
  {
    "name": "Mogadishu",
    "country": "Somalia",
    "lat": 2.0469,
    "lon": 45.3182,
    "timezone": "Africa/Mogadishu",
    "isCapital": true
  },
  {
    "name": "Djibouti",
    "country": "Djibouti",
    "lat": 11.8251,
    "lon": 42.5903,
    "timezone": "Africa/Djibouti",
    "isCapital": true
  },
  {
    "name": "Asmara",
    "country": "Eritrea",
    "lat": 15.3229,
    "lon": 38.9251,
    "timezone": "Africa/Asmara",
    "isCapital": true
  },
  {
    "name": "Windhoek",
    "country": "Namibia",
    "lat": -22.5597,
    "lon": 17.0832,
    "timezone": "Africa/Windhoek",
    "isCapital": true
  },
  {
    "name": "Gaborone",
    "country": "Botswana",
    "lat": -24.6282,
    "lon": 25.9231,
    "timezone": "Africa/Gaborone",
    "isCapital": true
  },
  {
    "name": "Maseru",
    "country": "Lesotho",
    "lat": -29.3167,
    "lon": 27.4833,
    "timezone": "Africa/Maseru",
    "isCapital": true
  },
  {
    "name": "Mbabane",
    "country": "eSwatini",
    "lat": -26.3054,
    "lon": 31.1367,
    "timezone": "Africa/Mbabane",
    "isCapital": true
  },
  {
    "name": "Conakry",
    "country": "Guinea",
    "lat": 9.6412,
    "lon": -13.5784,
    "timezone": "Africa/Conakry",
    "isCapital": true
  },
  {
    "name": "Freetown",
    "country": "Sierra Leone",
    "lat": 8.4657,
    "lon": -13.2317,
    "timezone": "Africa/Freetown",
    "isCapital": true
  },
  {
    "name": "Monrovia",
    "country": "Liberia",
    "lat": 6.2907,
    "lon": -10.7605,
    "timezone": "Africa/Monrovia",
    "isCapital": true
  },
  {
    "name": "Ouagadougou",
    "country": "Burkina Faso",
    "lat": 12.3714,
    "lon": -1.5197,
    "timezone": "Africa/Ouagadougou",
    "isCapital": true
  },
  {
    "name": "Lomé",
    "country": "Togo",
    "lat": 6.1256,
    "lon": 1.2312,
    "timezone": "Africa/Lome",
    "isCapital": true
  },
  {
    "name": "Porto-Novo",
    "country": "Benin",
    "lat": 6.4969,
    "lon": 2.6289,
    "timezone": "Africa/Porto-Novo",
    "isCapital": true
  },
  {
    "name": "Yaoundé",
    "country": "Cameroon",
    "lat": 3.8480,
    "lon": 11.5021,
    "timezone": "Africa/Douala",
    "isCapital": true
  },
  {
    "name": "Malabo",
    "country": "Eq. Guinea",
    "lat": 3.7523,
    "lon": 8.7741,
    "timezone": "Africa/Malabo",
    "isCapital": true
  },
  {
    "name": "Bissau",
    "country": "Guinea-Bissau",
    "lat": 11.8657,
    "lon": -15.5984,
    "timezone": "Africa/Bissau",
    "isCapital": true
  },
  {
    "name": "Banjul",
    "country": "Gambia",
    "lat": 13.4549,
    "lon": -16.5790,
    "timezone": "Africa/Banjul",
    "isCapital": true
  },
  {
    "name": "Melbourne",
    "country": "Australia",
    "lat": -37.8136,
    "lon": 144.9631,
    "timezone": "Australia/Melbourne",
    "isCapital": false
  }
]
